episode,survival_time,engagement,score,exploration_rate
1,15.03899999999997,1,8,0.985074875
2,0.016,1,8,0.985074875
3,0.016,1,8,0.985074875
4,0.016,1,8,0.985074875
5,0.016,1,8,0.985074875
6,0.016,1,8,0.985074875
7,0.016,1,8,0.985074875
8,0.016,1,8,0.985074875
9,0.016,1,8,0.985074875
10,0.016,1,8,0.985074875
11,0.016,1,8,0.985074875
12,0.016,1,8,0.985074875
13,0.016,1,8,0.985074875
14,0.016,1,8,0.985074875
15,0.016,1,8,0.985074875
16,0.016,1,8,0.985074875
17,0.016,1,8,0.985074875
18,0.016,1,8,0.985074875
19,0.016,1,8,0.985074875
20,0.016,1,8,0.985074875
21,0.016,1,8,0.985074875
22,0.016,1,8,0.985074875
23,0.016,1,8,0.985074875
24,0.016,1,8,0.985074875
25,0.016,1,8,0.985074875
26,0.016,1,8,0.985074875
27,0.016,1,8,0.985074875
28,0.016,1,8,0.985074875
29,0.016,1,8,0.985074875
30,0.016,1,8,0.985074875
31,0.016,1,8,0.985074875
32,0.016,1,8,0.985074875
33,0.016,1,8,0.985074875
34,0.016,1,8,0.985074875
35,0.016,1,8,0.985074875
36,0.016,1,8,0.985074875
37,0.016,1,8,0.985074875
38,0.016,1,8,0.985074875
39,0.016,1,8,0.985074875
40,0.016,1,8,0.985074875
41,0.016,1,8,0.985074875
42,0.016,1,8,0.985074875
43,0.016,1,8,0.985074875
44,0.016,1,8,0.985074875
45,0.016,1,8,0.985074875
46,0.016,1,8,0.985074875
47,0.016,1,8,0.985074875
48,0.016,1,8,0.985074875
49,0.016,1,8,0.985074875
50,0.016,1,8,0.985074875
51,0.016,1,8,0.985074875
52,0.016,1,8,0.985074875
53,0.016,1,8,0.985074875
54,0.016,1,8,0.985074875
55,0.016,1,8,0.985074875
56,0.016,1,8,0.985074875
57,0.016,1,8,0.985074875
58,0.016,1,8,0.985074875
59,0.016,1,8,0.985074875
60,0.016,1,8,0.985074875
61,0.016,1,8,0.985074875
62,0.016,1,8,0.985074875
63,0.016,1,8,0.985074875
64,0.016,1,8,0.985074875
65,0.016,1,8,0.985074875
66,0.016,1,8,0.985074875
67,0.016,1,8,0.985074875
68,0.016,1,8,0.985074875
69,0.016,1,8,0.985074875
70,0.016,1,8,0.985074875
71,0.016,1,8,0.985074875
72,0.016,1,8,0.985074875
73,0.016,1,8,0.985074875
74,0.016,1,8,0.985074875
75,0.016,1,8,0.985074875
76,0.016,1,8,0.985074875
77,0.016,1,8,0.985074875
78,0.016,1,8,0.985074875
79,0.016,1,8,0.985074875
80,0.016,1,8,0.985074875
81,0.016,1,8,0.985074875
82,0.016,1,8,0.985074875
83,0.016,1,8,0.985074875
84,0.016,1,8,0.985074875
85,0.016,1,8,0.985074875
86,0.016,1,8,0.985074875
87,0.016,1,8,0.985074875
88,0.016,1,8,0.985074875
89,0.016,1,8,0.985074875
90,0.016,1,8,0.985074875
91,0.016,1,8,0.985074875
92,0.016,1,8,0.985074875
93,0.016,1,8,0.985074875
94,0.016,1,8,0.985074875
95,0.016,1,8,0.985074875
96,0.016,1,8,0.985074875
97,0.016,1,8,0.985074875
98,0.016,1,8,0.985074875
99,0.016,1,8,0.985074875
100,0.016,1,8,0.985074875
101,0.016,1,8,0.985074875
102,0.016,1,8,0.985074875
103,0.016,1,8,0.985074875
104,0.016,1,8,0.985074875
105,0.016,1,8,0.985074875
106,0.016,1,8,0.985074875
107,0.016,1,8,0.985074875
108,0.016,1,8,0.985074875
109,0.016,1,8,0.985074875
110,0.016,1,8,0.985074875
111,0.016,1,8,0.985074875
112,0.016,1,8,0.985074875
113,0.016,1,8,0.985074875
114,0.016,1,8,0.985074875
115,0.016,1,8,0.985074875
116,0.016,1,8,0.985074875
117,0.016,1,8,0.985074875
118,0.016,1,8,0.985074875
119,0.016,1,8,0.985074875
120,0.016,1,8,0.985074875
121,0.016,1,8,0.985074875
122,0.016,1,8,0.985074875
123,0.016,1,8,0.985074875
124,0.016,1,8,0.985074875
125,0.016,1,8,0.985074875
126,0.016,1,8,0.985074875
127,0.016,1,8,0.985074875
128,0.016,1,8,0.985074875
129,0.016,1,8,0.985074875
130,0.016,1,8,0.985074875
131,0.016,1,8,0.985074875
132,0.016,1,8,0.985074875
133,0.016,1,8,0.985074875
134,0.016,1,8,0.985074875
135,0.016,1,8,0.985074875
136,0.016,1,8,0.985074875
137,0.016,1,8,0.985074875
138,0.016,1,8,0.985074875
139,0.016,1,8,0.985074875
140,0.016,1,8,0.985074875
141,0.016,1,8,0.985074875
142,0.016,1,8,0.985074875
143,0.016,1,8,0.985074875
144,0.016,1,8,0.985074875
145,0.016,1,8,0.985074875
146,0.016,1,8,0.985074875
147,0.016,1,8,0.985074875
148,0.016,1,8,0.985074875
149,0.016,1,8,0.985074875
150,0.016,1,8,0.985074875
151,0.016,1,8,0.985074875
152,0.016,1,8,0.985074875
153,0.016,1,8,0.985074875
154,0.016,1,8,0.985074875
155,0.016,1,8,0.985074875
156,0.016,1,8,0.985074875
157,0.016,1,8,0.985074875
158,0.016,1,8,0.985074875
159,0.016,1,8,0.985074875
160,0.016,1,8,0.985074875
161,0.016,1,8,0.985074875
162,0.016,1,8,0.985074875
163,0.016,1,8,0.985074875
164,0.016,1,8,0.985074875
165,0.016,1,8,0.985074875
166,0.016,1,8,0.985074875
167,0.016,1,8,0.985074875
168,0.016,1,8,0.985074875
169,0.016,1,8,0.985074875
170,0.016,1,8,0.985074875
171,0.016,1,8,0.985074875
172,0.016,1,8,0.985074875
173,0.016,1,8,0.985074875
174,0.016,1,8,0.985074875
175,0.016,1,8,0.985074875
176,0.016,1,8,0.985074875
177,0.016,1,8,0.985074875
178,0.016,1,8,0.985074875
179,0.016,1,8,0.985074875
180,0.016,1,8,0.985074875
181,0.016,1,8,0.985074875
182,0.016,1,8,0.985074875
183,0.016,1,8,0.985074875
184,0.016,1,8,0.985074875
185,0.016,1,8,0.985074875
186,0.016,1,8,0.985074875
187,0.016,1,8,0.985074875
188,0.016,1,8,0.985074875
189,0.016,1,8,0.985074875
190,0.016,1,8,0.985074875
191,0.016,1,8,0.985074875
192,0.016,1,8,0.985074875
193,0.016,1,8,0.985074875
194,0.016,1,8,0.985074875
195,0.016,1,8,0.985074875
196,0.016,1,8,0.985074875
197,0.016,1,8,0.985074875
198,0.016,1,8,0.985074875
199,0.016,1,8,0.985074875
200,0.016,1,8,0.985074875
201,0.016,1,8,0.985074875
202,0.016,1,8,0.985074875
203,0.016,1,8,0.985074875
204,0.016,1,8,0.985074875
205,0.016,1,8,0.985074875
206,0.016,1,8,0.985074875
207,0.016,1,8,0.985074875
208,0.016,1,8,0.985074875
209,0.016,1,8,0.985074875
210,0.016,1,8,0.985074875
211,0.016,1,8,0.985074875
212,0.016,1,8,0.985074875
213,0.016,1,8,0.985074875
214,0.016,1,8,0.985074875
215,0.016,1,8,0.985074875
216,0.016,1,8,0.985074875
217,0.016,1,8,0.985074875
218,0.016,1,8,0.985074875
219,0.016,1,8,0.985074875
220,0.016,1,8,0.985074875
221,0.016,1,8,0.985074875
222,0.016,1,8,0.985074875
223,0.016,1,8,0.985074875
224,0.016,1,8,0.985074875
225,0.016,1,8,0.985074875
226,0.016,1,8,0.985074875
227,0.016,1,8,0.985074875
228,0.016,1,8,0.985074875
229,0.016,1,8,0.985074875
230,0.016,1,8,0.985074875
231,0.016,1,8,0.985074875
232,0.016,1,8,0.985074875
233,0.016,1,8,0.985074875
234,0.016,1,8,0.985074875
235,0.016,1,8,0.985074875
236,0.016,1,8,0.985074875
237,0.016,1,8,0.985074875
238,0.016,1,8,0.985074875
239,0.016,1,8,0.985074875
240,0.016,1,8,0.985074875
241,0.016,1,8,0.985074875
242,0.016,1,8,0.985074875
243,0.016,1,8,0.985074875
244,0.016,1,8,0.985074875
245,0.016,1,8,0.985074875
246,0.016,1,8,0.985074875
247,0.016,1,8,0.985074875
248,0.016,1,8,0.985074875
249,0.016,1,8,0.985074875
250,0.016,1,8,0.985074875
251,0.016,1,8,0.985074875
252,0.016,1,8,0.985074875
253,0.016,1,8,0.985074875
254,0.016,1,8,0.985074875
255,0.016,1,8,0.985074875
256,0.016,1,8,0.985074875
257,0.016,1,8,0.985074875
258,0.016,1,8,0.985074875
259,0.016,1,8,0.985074875
260,0.016,1,8,0.985074875
261,0.016,1,8,0.985074875
262,0.016,1,8,0.985074875
263,0.016,1,8,0.985074875
264,0.016,1,8,0.985074875
265,0.016,1,8,0.985074875
266,0.016,1,8,0.985074875
267,0.016,1,8,0.985074875
268,0.016,1,8,0.985074875
269,0.016,1,8,0.985074875
270,0.016,1,8,0.985074875
271,0.016,1,8,0.985074875
272,0.016,1,8,0.985074875
273,0.016,1,8,0.985074875
274,0.016,1,8,0.985074875
275,0.016,1,8,0.985074875
276,0.016,1,8,0.985074875
277,0.016,1,8,0.985074875
278,0.016,1,8,0.985074875
279,0.016,1,8,0.985074875
280,0.016,1,8,0.985074875
281,0.016,1,8,0.985074875
282,0.016,1,8,0.985074875
283,0.016,1,8,0.985074875
284,0.016,1,8,0.985074875
285,0.016,1,8,0.985074875
286,0.016,1,8,0.985074875
287,0.016,1,8,0.985074875
288,0.016,1,8,0.985074875
289,0.016,1,8,0.985074875
290,0.016,1,8,0.985074875
291,0.016,1,8,0.985074875
292,0.016,1,8,0.985074875
293,0.016,1,8,0.985074875
294,0.016,1,8,0.985074875
295,0.016,1,8,0.985074875
296,0.016,1,8,0.985074875
297,0.016,1,8,0.985074875
298,0.016,1,8,0.985074875
299,0.016,1,8,0.985074875
300,0.016,1,8,0.985074875
301,0.016,1,8,0.985074875
302,0.016,1,8,0.985074875
303,0.016,1,8,0.985074875
304,0.016,1,8,0.985074875
305,0.016,1,8,0.985074875
306,0.016,1,8,0.985074875
307,0.016,1,8,0.985074875
308,0.016,1,8,0.985074875
309,0.016,1,8,0.985074875
310,0.016,1,8,0.985074875
311,0.016,1,8,0.985074875
312,0.016,1,8,0.985074875
313,0.016,1,8,0.985074875
314,0.016,1,8,0.9801495006250001
315,0.016,1,8,0.9801495006250001
316,0.016,1,8,0.9801495006250001
317,0.016,1,8,0.9801495006250001
318,0.016,1,8,0.9801495006250001
319,0.016,1,8,0.9801495006250001
320,0.016,1,8,0.9801495006250001
321,0.016,1,8,0.9801495006250001
322,0.016,1,8,0.9801495006250001
323,0.016,1,8,0.9801495006250001
324,0.016,1,8,0.9801495006250001
325,0.016,1,8,0.9801495006250001
326,0.016,1,8,0.9801495006250001
327,0.016,1,8,0.9801495006250001
328,0.016,1,8,0.9801495006250001
329,0.016,1,8,0.9801495006250001
330,0.016,1,8,0.9801495006250001
331,0.016,1,8,0.9801495006250001
332,0.016,1,8,0.9801495006250001
333,0.016,1,8,0.9801495006250001
334,0.016,1,8,0.9801495006250001
335,0.016,1,8,0.9801495006250001
336,0.016,1,8,0.9801495006250001
337,0.016,1,8,0.9801495006250001
338,0.016,1,8,0.9801495006250001
339,0.016,1,8,0.9801495006250001
340,0.016,1,8,0.9801495006250001
341,0.016,1,8,0.9801495006250001
342,0.016,1,8,0.9801495006250001
343,0.016,1,8,0.9801495006250001
344,0.016,1,8,0.9801495006250001
345,0.016,1,8,0.9801495006250001
346,0.016,1,8,0.9801495006250001
347,0.016,1,8,0.9801495006250001
348,0.016,1,8,0.9801495006250001
349,0.016,1,8,0.9801495006250001
350,0.016,1,8,0.9801495006250001
351,0.016,1,8,0.9801495006250001
352,0.016,1,8,0.9801495006250001
353,0.016,1,8,0.9801495006250001
354,0.016,1,8,0.9801495006250001
355,0.016,1,8,0.9801495006250001
356,0.016,1,8,0.9801495006250001
357,0.016,1,8,0.9801495006250001
358,0.016,1,8,0.9801495006250001
359,0.016,1,8,0.9801495006250001
360,0.016,1,8,0.9801495006250001
361,0.016,1,8,0.9801495006250001
362,0.016,1,8,0.9801495006250001
363,0.016,1,8,0.9801495006250001
364,0.016,1,8,0.9801495006250001
365,0.016,1,8,0.9801495006250001
366,0.016,1,8,0.9801495006250001
367,0.016,1,8,0.9801495006250001
368,0.016,1,8,0.9801495006250001
369,0.016,1,8,0.9801495006250001
370,0.016,1,8,0.9801495006250001
371,0.016,1,8,0.9801495006250001
372,0.016,1,8,0.9801495006250001
373,0.016,1,8,0.9801495006250001
374,0.016,1,8,0.9801495006250001
375,14.980999999999895,0.6453693405403078,4,0.9703725093562657
376,0.017,0.7389156471349047,4,0.9703725093562657
377,0.017,0.8815264906635556,4,0.9703725093562657
378,0.017,1,4,0.9703725093562657
379,0.017,1,4,0.9703725093562657
380,0.017,1,4,0.9703725093562657
381,0.017,1,4,0.9703725093562657
382,0.017,1,4,0.9703725093562657
383,0.017,1,4,0.9703725093562657
384,0.017,1,4,0.9703725093562657
385,0.017,1,4,0.9703725093562657
386,0.017,1,4,0.9703725093562657
387,0.017,1,4,0.9703725093562657
388,0.017,1,4,0.9703725093562657
389,0.017,1,4,0.9703725093562657
390,0.017,1,4,0.9703725093562657
391,0.017,1,4,0.9703725093562657
392,0.017,1,4,0.9703725093562657
393,0.017,1,4,0.9703725093562657
394,0.017,1,4,0.9703725093562657
395,0.017,1,4,0.9703725093562657
396,0.017,1,4,0.9703725093562657
397,0.017,1,4,0.9703725093562657
398,0.017,1,4,0.9703725093562657
399,0.017,1,4,0.9703725093562657
400,0.017,1,4,0.9703725093562657
401,0.017,1,4,0.9703725093562657
402,0.017,1,4,0.9703725093562657
403,0.017,1,4,0.9703725093562657
404,0.017,1,4,0.9703725093562657
405,0.017,1,4,0.9703725093562657
406,0.017,1,4,0.9703725093562657
407,0.017,1,4,0.9703725093562657
408,0.017,1,4,0.9703725093562657
409,0.017,1,4,0.9703725093562657
410,0.017,1,4,0.9703725093562657
411,0.017,1,4,0.9703725093562657
412,0.017,1,4,0.9655206468094844
413,0.017,1,4,0.9655206468094844
414,0.017,1,4,0.9655206468094844
415,0.017,1,4,0.9655206468094844
416,0.017,1,4,0.9655206468094844
417,0.017,1,4,0.9655206468094844
418,0.017,1,4,0.9655206468094844
419,8.113000000000042,0.09927376162834253,4,0.960693043575437
420,0.017,0.09828102401205911,4,0.960693043575437
421,0.017,0.09729821377193852,4,0.960693043575437
422,0.017,0.09632523163421913,4,0.960693043575437
423,0.017,0.09536197931787695,4,0.960693043575437
424,0.017,0.09440835952469817,4,0.960693043575437
425,0.017,0.09346427592945118,4,0.960693043575437
426,0.017,0.14252963317015666,4,0.960693043575437
427,0.017,0.24110433683845509,4,0.960693043575437
428,0.017,0.38869329347007053,4,0.960693043575437
429,0.017,0.5848063605353698,4,0.960693043575437
430,0.017,0.8289582969300161,4,0.960693043575437
431,0.017,1,4,0.960693043575437
432,0.017,1,4,0.960693043575437
433,0.017,1,4,0.960693043575437
434,0.017,1,4,0.960693043575437
435,0.017,1,4,0.960693043575437
436,0.017,1,4,0.960693043575437
437,0.017,1,4,0.960693043575437
438,0.017,1,4,0.960693043575437
439,0.017,1,4,0.960693043575437
440,0.017,1,4,0.960693043575437
441,0.017,1,4,0.960693043575437
442,0.017,1,4,0.960693043575437
443,0.017,1,4,0.960693043575437
444,0.017,1,4,0.960693043575437
445,0.017,1,4,0.960693043575437
446,0.017,1,4,0.960693043575437
447,0.017,1,4,0.960693043575437
448,0.017,1,4,0.960693043575437
449,0.017,1,4,0.960693043575437
450,0.017,1,4,0.960693043575437
451,0.017,1,4,0.960693043575437
452,0.017,1,4,0.960693043575437
453,0.017,1,4,0.960693043575437
454,0.017,1,4,0.960693043575437
455,0.017,1,4,0.960693043575437
456,0.017,1,4,0.960693043575437
457,0.017,1,4,0.960693043575437
458,0.017,1,4,0.960693043575437
459,0.017,1,4,0.960693043575437
460,0.017,1,4,0.960693043575437
461,0.017,1,4,0.960693043575437
462,0.017,1,4,0.960693043575437
463,0.017,1,4,0.960693043575437
464,0.017,1,4,0.960693043575437
465,0.017,1,4,0.960693043575437
466,0.017,1,4,0.960693043575437
467,0.017,1,4,0.960693043575437
468,0.017,1,4,0.960693043575437
469,0.017,1,4,0.960693043575437
470,0.017,1,4,0.960693043575437
471,0.017,1,4,0.960693043575437
472,0.017,1,4,0.960693043575437
473,0.017,1,4,0.960693043575437
474,0.017,1,4,0.960693043575437
475,0.017,1,4,0.960693043575437
476,0.017,1,4,0.960693043575437
477,0.017,1,4,0.960693043575437
478,0.017,1,4,0.960693043575437
479,0.017,1,4,0.960693043575437
480,0.017,1,4,0.960693043575437
481,0.017,1,4,0.960693043575437
482,0.017,1,4,0.960693043575437
483,0.017,1,4,0.960693043575437
484,0.017,1,4,0.960693043575437
485,0.017,1,4,0.960693043575437
486,0.017,1,4,0.960693043575437
487,0.017,1,4,0.960693043575437
488,0.017,1,4,0.960693043575437
489,0.017,1,4,0.960693043575437
490,0.017,1,4,0.960693043575437
491,0.017,1,4,0.960693043575437
492,0.017,1,4,0.960693043575437
493,0.017,1,4,0.960693043575437
494,0.017,1,4,0.960693043575437
495,0.017,1,4,0.960693043575437
496,0.017,1,4,0.960693043575437
497,7.675000000000036,0.28063399360405866,1,0.9511101304657719
498,0.016,0.2778276536680181,1,0.9511101304657719
499,0.016,0.2750493771313379,1,0.9511101304657719
500,0.016,0.27229888336002456,1,0.9511101304657719
501,0.016,0.26957589452642433,1,0.9511101304657719
502,0.016,0.2668801355811601,1,0.9511101304657719
503,0.016,0.2642113342253485,1,0.9511101304657719
504,0.016,0.261569220883095,1,0.9511101304657719
505,0.016,0.258953528674264,1,0.9511101304657719
506,0.016,0.25636399338752136,1,0.9511101304657719
507,0.016,0.25380035345364615,1,0.9511101304657719
508,0.016,0.2512623499191097,1,0.9511101304657719
509,0.016,0.24874972641991858,1,0.9511101304657719
510,0.016,0.24626222915571938,1,0.9511101304657719
511,0.016,0.2437996068641622,1,0.9511101304657719
512,0.016,0.24136161079552057,1,0.9511101304657719
513,0.016,0.23894799468756536,1,0.9511101304657719
514,0.016,0.2365585147406897,1,0.9511101304657719
515,0.016,0.2341929295932828,1,0.9511101304657719
516,0.016,0.23185100029734998,1,0.9511101304657719
517,0.016,0.22953249029437647,1,0.9511101304657719
518,0.016,0.2272371653914327,1,0.9511101304657719
519,0.016,0.22496479373751838,1,0.9511101304657719
520,0.016,0.22271514580014318,1,0.9511101304657719
521,0.016,0.22048799434214175,1,0.9511101304657719
522,0.016,0.21828311439872033,1,0.9511101304657719
523,0.016,0.21610028325473313,1,0.9511101304657719
524,0.016,0.2139392804221858,1,0.9511101304657719
525,0.016,0.21179988761796392,1,0.9511101304657719
526,0.016,0.20968188874178428,1,0.9511101304657719
527,0.016,0.20758506985436645,1,0.9511101304657719
528,0.016,0.2055092191558228,1,0.9511101304657719
529,0.016,0.20345412696426457,1,0.9511101304657719
530,0.016,0.20141958569462193,1,0.9511101304657719
531,0.016,0.1994053898376757,1,0.9511101304657719
532,0.016,0.19741133593929894,1,0.9511101304657719
533,0.016,0.19543722257990595,1,0.9511101304657719
534,0.016,0.1934828503541069,1,0.9511101304657719
535,0.016,0.19154802185056582,1,0.9511101304657719
536,0.016,0.18963254163206017,1,0.9511101304657719
537,0.016,0.18773621621573958,1,0.9511101304657719
538,0.016,0.18585885405358218,1,0.9511101304657719
539,0.016,0.18400026551304635,1,0.9511101304657719
540,0.016,0.1821602628579159,1,0.9511101304657719
541,0.016,0.18033866022933673,1,0.9511101304657719
542,0.016,0.17853527362704336,1,0.9511101304657719
543,0.016,0.17674992089077293,1,0.9511101304657719
544,0.016,0.1749824216818652,1,0.9511101304657719
545,0.016,0.17323259746504654,1,0.9511101304657719
546,0.016,0.17150027149039607,1,0.9511101304657719
547,0.016,0.1697852687754921,1,0.9511101304657719
548,0.016,0.16808741608773717,1,0.9511101304657719
549,0.016,0.1664065419268598,1,0.9511101304657719
550,0.016,0.1647424765075912,1,0.9511101304657719
551,0.016,0.1630950517425153,1,0.9511101304657719
552,0.016,0.16146410122509014,1,0.9511101304657719
553,0.016,0.15984946021283924,1,0.9511101304657719
554,0.016,0.30825096561071086,1,0.9511101304657719
555,0.016,0.5051684559546037,1,0.9511101304657719
556,0.016,0.7501167713950576,1,0.9511101304657719
557,0.016,1,1,0.9511101304657719
558,0.016,1,1,0.9511101304657719
559,0.016,1,1,0.9511101304657719
560,0.016,1,1,0.9511101304657719
561,0.016,1,1,0.9511101304657719
562,0.016,1,1,0.9511101304657719
563,0.016,1,1,0.9511101304657719
564,0.016,1,1,0.9511101304657719
565,0.016,1,1,0.9511101304657719
566,0.016,1,1,0.9511101304657719
567,0.016,1,1,0.9511101304657719
568,0.016,1,1,0.9511101304657719
569,0.016,1,1,0.9511101304657719
570,0.016,1,1,0.9511101304657719
571,0.016,1,1,0.9511101304657719
572,0.016,1,1,0.9511101304657719
573,0.016,1,1,0.9511101304657719
574,0.016,1,1,0.9511101304657719
575,0.016,1,1,0.9511101304657719
576,0.016,1,1,0.9511101304657719
577,0.016,1,1,0.9511101304657719
578,0.016,1,1,0.9511101304657719
579,0.016,1,1,0.9511101304657719
580,0.016,1,1,0.9511101304657719
581,0.016,1,1,0.9511101304657719
582,0.016,1,1,0.9511101304657719
583,0.016,1,1,0.9511101304657719
584,0.016,1,1,0.9511101304657719
585,0.016,1,1,0.9511101304657719
586,0.016,1,1,0.9511101304657719
587,0.016,1,1,0.9511101304657719
588,0.016,1,1,0.9511101304657719
589,0.016,1,1,0.9511101304657719
590,0.016,1,1,0.9511101304657719
591,0.016,1,1,0.9511101304657719
592,0.016,1,1,0.9511101304657719
593,0.016,1,1,0.9511101304657719
594,0.016,1,1,0.9511101304657719
595,0.016,1,1,0.9511101304657719
596,0.016,1,1,0.9511101304657719
597,0.016,1,1,0.9511101304657719
598,0.016,1,1,0.9511101304657719
599,0.016,1,1,0.9511101304657719
600,0.016,1,1,0.9511101304657719
601,0.016,1,1,0.9511101304657719
602,0.016,1,1,0.9511101304657719
603,0.016,1,1,0.9511101304657719
604,0.016,1,1,0.9511101304657719
605,0.016,1,1,0.9511101304657719
606,0.016,1,1,0.9511101304657719
607,0.016,1,1,0.9511101304657719
608,0.016,1,1,0.9511101304657719
609,0.016,1,1,0.9511101304657719
610,0.016,1,1,0.9511101304657719
611,0.016,1,1,0.9511101304657719
612,0.016,1,1,0.9511101304657719
613,0.016,1,1,0.9511101304657719
614,0.016,1,1,0.9511101304657719
615,0.016,1,1,0.9511101304657719
616,0.016,1,1,0.9511101304657719
617,0.016,1,1,0.9511101304657719
618,0.016,1,1,0.9511101304657719
619,51.47200000000026,1,26,0.9000874278732445
620,0.017,1,26,0.9000874278732445
621,0.017,1,26,0.9000874278732445
622,0.017,1,26,0.9000874278732445
623,0.017,1,26,0.9000874278732445
624,0.017,1,26,0.9000874278732445
625,0.017,1,26,0.9000874278732445
626,0.017,1,26,0.9000874278732445
627,0.017,1,26,0.9000874278732445
628,0.017,1,26,0.9000874278732445
629,0.017,1,26,0.9000874278732445
630,0.017,1,26,0.9000874278732445
631,0.017,1,26,0.9000874278732445
632,0.017,1,26,0.9000874278732445
633,0.017,1,26,0.9000874278732445
634,0.017,1,26,0.9000874278732445
635,0.017,1,26,0.9000874278732445
636,0.017,1,26,0.9000874278732445
637,0.017,1,26,0.9000874278732445
638,0.017,1,26,0.9000874278732445
639,0.017,1,26,0.9000874278732445
640,0.017,1,26,0.9000874278732445
641,0.017,1,26,0.9000874278732445
642,0.017,1,26,0.9000874278732445
643,0.017,1,26,0.9000874278732445
644,0.017,1,26,0.9000874278732445
645,0.017,1,26,0.9000874278732445
646,0.017,1,26,0.9000874278732445
647,0.017,1,26,0.9000874278732445
648,0.017,1,26,0.9000874278732445
649,0.017,1,26,0.9000874278732445
650,0.017,1,26,0.9000874278732445
651,0.017,1,26,0.9000874278732445
652,0.017,1,26,0.9000874278732445
653,0.017,1,26,0.9000874278732445
654,0.017,1,26,0.9000874278732445
655,0.017,1,26,0.9000874278732445
656,0.017,1,26,0.9000874278732445
657,0.017,1,26,0.9000874278732445
658,0.017,1,26,0.9000874278732445
659,0.017,1,26,0.9000874278732445
660,0.017,1,26,0.9000874278732445
661,0.017,1,26,0.9000874278732445
662,0.017,1,26,0.9000874278732445
663,0.017,1,26,0.9000874278732445
664,0.017,1,26,0.9000874278732445
665,0.017,1,26,0.9000874278732445
666,0.017,1,26,0.9000874278732445
667,0.017,1,26,0.9000874278732445
668,0.017,1,26,0.9000874278732445
669,0.017,1,26,0.9000874278732445
670,0.017,1,26,0.9000874278732445
671,0.017,1,26,0.9000874278732445
672,0.017,1,26,0.9000874278732445
673,0.017,1,26,0.9000874278732445
674,0.017,1,26,0.9000874278732445
675,0.017,1,26,0.9000874278732445
676,0.017,1,26,0.9000874278732445
677,0.017,1,26,0.9000874278732445
678,0.017,1,26,0.9000874278732445
679,0.017,1,26,0.9000874278732445
680,0.017,1,26,0.9000874278732445
681,0.017,1,26,0.9000874278732445
682,0.017,1,26,0.9000874278732445
683,0.017,1,26,0.9000874278732445
684,0.017,1,26,0.9000874278732445
685,0.017,1,26,0.9000874278732445
686,0.017,1,26,0.9000874278732445
687,0.017,1,26,0.9000874278732445
688,0.017,1,26,0.9000874278732445
689,0.017,1,26,0.9000874278732445
690,0.017,1,26,0.9000874278732445
691,0.017,1,26,0.9000874278732445
692,0.017,1,26,0.9000874278732445
693,0.017,1,26,0.9000874278732445
694,0.017,1,26,0.9000874278732445
695,0.017,1,26,0.9000874278732445
696,0.017,1,26,0.9000874278732445
697,0.017,1,26,0.9000874278732445
698,0.017,1,26,0.9000874278732445
699,0.017,1,26,0.9000874278732445
700,0.017,1,26,0.9000874278732445
701,0.017,1,26,0.9000874278732445
702,0.017,1,26,0.9000874278732445
703,0.017,1,26,0.9000874278732445
704,0.017,1,26,0.9000874278732445
705,0.017,1,26,0.9000874278732445
706,0.017,1,26,0.9000874278732445
707,0.017,1,26,0.9000874278732445
708,0.017,1,26,0.9000874278732445
709,0.017,1,26,0.9000874278732445
710,0.017,1,26,0.9000874278732445
711,0.017,1,26,0.9000874278732445
712,0.017,1,26,0.9000874278732445
713,0.017,1,26,0.9000874278732445
714,0.017,1,26,0.9000874278732445
715,0.017,1,26,0.9000874278732445
716,0.017,1,26,0.9000874278732445
717,0.017,1,26,0.9000874278732445
718,0.017,1,26,0.9000874278732445
719,0.017,1,26,0.9000874278732445
720,0.017,1,26,0.9000874278732445
721,0.017,1,26,0.9000874278732445
722,0.017,1,26,0.9000874278732445
723,0.017,1,26,0.9000874278732445
724,0.017,1,26,0.9000874278732445
725,0.017,1,26,0.9000874278732445
726,0.017,1,26,0.9000874278732445
727,0.017,1,26,0.9000874278732445
728,14.713999999999922,0.7350919179957662,4,0.8866535105013078
729,0.016,0.7277409988158086,4,0.8866535105013078
730,0.016,0.7204635888276505,4,0.8866535105013078
731,0.016,0.713258952939374,4,0.8866535105013078
732,0.016,0.7061263634099803,4,0.8866535105013078
733,0.016,0.7490650997758805,4,0.8866535105013078
734,0.016,0.8415744487781217,4,0.8866535105013078
735,0.016,0.9831587042903405,4,0.8866535105013078
736,0.016,1,4,0.8866535105013078
737,0.016,1,4,0.8866535105013078
738,0.016,1,4,0.8866535105013078
739,0.016,1,4,0.8866535105013078
740,0.016,1,4,0.8866535105013078
741,0.016,1,4,0.8866535105013078
742,0.016,1,4,0.8866535105013078
743,0.016,1,4,0.8866535105013078
744,0.016,1,4,0.8866535105013078
745,0.016,1,4,0.8866535105013078
746,0.016,1,4,0.8866535105013078
747,0.016,1,4,0.8866535105013078
748,0.016,1,4,0.8866535105013078
749,0.016,1,4,0.8866535105013078
750,0.016,1,4,0.8866535105013078
751,0.016,1,4,0.8866535105013078
752,0.016,1,4,0.8866535105013078
753,0.016,1,4,0.8866535105013078
754,0.016,1,4,0.8866535105013078
755,0.016,1,4,0.8866535105013078
756,0.016,1,4,0.8866535105013078
757,0.016,1,4,0.8866535105013078
758,0.016,1,4,0.8866535105013078
759,0.016,1,4,0.8866535105013078
760,0.016,1,4,0.8866535105013078
761,0.016,1,4,0.8866535105013078
762,0.016,1,4,0.8866535105013078
763,0.016,1,4,0.8866535105013078
764,0.016,1,4,0.8866535105013078
765,0.016,1,4,0.8866535105013078
766,0.016,1,4,0.8866535105013078
767,0.016,1,4,0.8866535105013078
768,0.016,1,4,0.8866535105013078
769,0.016,1,4,0.8866535105013078
770,0.016,1,4,0.8866535105013078
771,0.016,1,4,0.8866535105013078
772,0.016,1,4,0.8866535105013078
773,0.016,1,4,0.8866535105013078
774,0.016,1,4,0.8866535105013078
775,0.016,1,4,0.8866535105013078
776,0.016,1,4,0.8866535105013078
777,0.016,1,4,0.8866535105013078
778,0.016,1,4,0.8866535105013078
779,0.016,1,4,0.8866535105013078
780,0.016,1,4,0.8866535105013078
781,0.016,1,4,0.8866535105013078
782,0.016,1,4,0.8866535105013078
783,0.016,1,4,0.8866535105013078
784,0.016,1,4,0.8866535105013078
785,0.016,1,4,0.8866535105013078
786,0.016,1,4,0.8866535105013078
787,0.016,1,4,0.8866535105013078
788,0.016,1,4,0.8866535105013078
789,0.016,1,4,0.8866535105013078
790,0.016,1,4,0.8866535105013078
791,0.016,1,4,0.8866535105013078
792,0.016,1,4,0.8866535105013078
793,0.016,1,4,0.8866535105013078
794,0.016,1,4,0.8866535105013078
795,0.016,1,4,0.8866535105013078
796,0.016,1,4,0.8866535105013078
797,0.016,1,4,0.8866535105013078
798,0.016,1,4,0.8866535105013078
799,0.016,1,4,0.8866535105013078
800,0.016,1,4,0.8866535105013078
801,0.016,1,4,0.8866535105013078
802,0.016,1,4,0.8866535105013078
803,0.016,1,4,0.8866535105013078
804,0.016,1,4,0.8866535105013078
805,0.016,1,4,0.8866535105013078
806,0.016,1,4,0.8866535105013078
807,0.016,1,4,0.8866535105013078
808,0.016,1,4,0.8866535105013078
809,0.016,1,4,0.8866535105013078
810,0.016,1,4,0.8866535105013078
811,0.016,1,4,0.8866535105013078
812,0.016,1,4,0.8866535105013078
813,0.016,1,4,0.8866535105013078
814,0.016,1,4,0.8866535105013078
815,0.016,1,4,0.8866535105013078
816,0.016,1,4,0.8866535105013078
817,0.016,1,4,0.8866535105013078
818,0.016,1,4,0.8866535105013078
819,0.016,1,4,0.8866535105013078
820,0.016,1,4,0.8866535105013078
821,0.016,1,4,0.8866535105013078
822,0.016,1,4,0.8866535105013078
823,0.016,1,4,0.8866535105013078
824,0.016,1,4,0.8866535105013078
825,0.016,1,4,0.8866535105013078
826,0.016,1,4,0.8866535105013078
827,0.016,1,4,0.8866535105013078
828,0.016,1,4,0.8866535105013078
829,0.016,1,4,0.8866535105013078
830,0.016,1,4,0.8866535105013078
831,0.016,1,4,0.8866535105013078
832,0.016,1,4,0.8866535105013078
833,0.016,1,4,0.8866535105013078
834,0.016,1,4,0.8866535105013078
835,0.016,1,4,0.8866535105013078
836,0.016,1,4,0.8866535105013078
837,0.016,1,4,0.8866535105013078
838,0.016,1,4,0.8866535105013078
839,0.016,1,4,0.8866535105013078
840,0.016,1,4,0.8866535105013078
841,0.016,1,4,0.8866535105013078
842,0.016,1,4,0.8866535105013078
843,0.016,1,4,0.8866535105013078
844,0.016,1,4,0.8866535105013078
845,0.016,1,4,0.8866535105013078
846,0.016,1,4,0.8866535105013078
847,0.016,1,4,0.8866535105013078
848,0.016,1,4,0.8866535105013078
849,0.016,1,4,0.8866535105013078
850,0.016,1,4,0.8866535105013078
851,0.016,1,4,0.8866535105013078
852,0.016,1,4,0.8866535105013078
853,0.016,1,4,0.8866535105013078
854,0.016,1,4,0.8866535105013078
855,0.016,1,4,0.8866535105013078
856,0.016,1,4,0.8866535105013078
857,0.016,1,4,0.8866535105013078
858,0.016,1,4,0.8866535105013078
859,0.016,1,4,0.8866535105013078
860,0.016,1,4,0.8866535105013078
861,0.016,1,4,0.8866535105013078
862,0.016,1,4,0.8866535105013078
863,0.016,1,4,0.8866535105013078
864,0.016,1,4,0.8866535105013078
865,0.016,1,4,0.8866535105013078
866,0.016,1,4,0.8866535105013078
867,0.016,1,4,0.8866535105013078
868,0.016,1,4,0.8866535105013078
869,0.016,1,4,0.8866535105013078
870,0.016,1,4,0.8866535105013078
871,0.016,1,4,0.8866535105013078
872,0.016,1,4,0.8866535105013078
873,0.016,1,4,0.8866535105013078
874,0.016,1,4,0.8866535105013078
875,0.016,1,4,0.8866535105013078
876,0.016,1,4,0.8866535105013078
877,0.016,1,4,0.8866535105013078
878,0.016,1,4,0.8866535105013078
879,0.016,1,4,0.8866535105013078
880,0.016,1,4,0.8866535105013078
881,0.016,1,4,0.8866535105013078
882,0.016,1,4,0.8866535105013078
883,0.016,1,4,0.8866535105013078
884,0.016,1,4,0.8866535105013078
885,0.016,1,4,0.8866535105013078
886,0.016,1,4,0.8866535105013078
887,0.016,1,4,0.8866535105013078
888,0.016,1,4,0.8866535105013078
889,0.016,1,4,0.8866535105013078
890,0.016,1,4,0.8866535105013078
891,0.016,1,4,0.8866535105013078
892,0.016,1,4,0.8866535105013078
893,0.016,1,4,0.8866535105013078
894,0.016,1,4,0.8866535105013078
895,0.016,1,4,0.8866535105013078
896,0.016,1,4,0.8866535105013078
897,0.016,1,4,0.8866535105013078
898,0.016,1,4,0.8866535105013078
899,0.016,1,4,0.8866535105013078
900,0.016,1,4,0.8866535105013078
901,0.016,1,4,0.8866535105013078
902,0.016,1,4,0.8866535105013078
903,0.016,1,4,0.8866535105013078
904,0.016,1,4,0.8866535105013078
905,0.016,1,4,0.8866535105013078
906,0.016,1,4,0.8866535105013078
907,0.016,1,4,0.8866535105013078
908,0.016,1,4,0.8866535105013078
909,0.016,1,4,0.8866535105013078
910,0.016,1,4,0.8866535105013078
911,0.016,1,4,0.8866535105013078
912,0.016,1,4,0.8866535105013078
913,0.016,1,4,0.8866535105013078
914,0.016,1,4,0.8866535105013078
915,0.016,1,4,0.8866535105013078
916,0.016,1,4,0.8866535105013078
917,0.016,1,4,0.8866535105013078
918,0.016,1,4,0.8866535105013078
919,0.016,1,4,0.8866535105013078
920,0.016,1,4,0.8866535105013078
921,0.016,1,4,0.8866535105013078
922,0.016,1,4,0.8866535105013078
923,0.016,1,4,0.8866535105013078
924,0.016,1,4,0.8866535105013078
925,0.016,1,4,0.8866535105013078
926,0.016,1,4,0.8866535105013078
927,0.016,1,4,0.8866535105013078
928,0.016,1,4,0.8866535105013078
929,0.016,1,4,0.8866535105013078
930,0.016,1,4,0.8866535105013078
931,0.016,1,4,0.8866535105013078
932,0.016,1,4,0.8866535105013078
933,0.016,1,4,0.8866535105013078
934,0.016,1,4,0.8866535105013078
935,0.016,1,4,0.8866535105013078
936,0.016,1,4,0.8866535105013078
937,0.016,1,4,0.8866535105013078
938,0.016,1,4,0.8866535105013078
939,0.016,1,4,0.8866535105013078
940,0.016,1,4,0.8866535105013078
941,0.016,1,4,0.8866535105013078
942,0.016,1,4,0.8866535105013078
943,0.016,1,4,0.8866535105013078
944,0.016,1,4,0.8866535105013078
945,0.016,1,4,0.8822202429488013
946,0.016,1,4,0.8822202429488013
947,0.016,1,4,0.8822202429488013
948,0.016,1,4,0.8822202429488013
949,0.016,1,4,0.8822202429488013
950,0.016,1,4,0.8822202429488013
951,0.016,1,4,0.8822202429488013
952,0.016,1,4,0.8822202429488013
953,0.016,1,4,0.8822202429488013
954,0.016,1,4,0.8822202429488013
955,0.016,1,4,0.8822202429488013
956,0.016,1,4,0.8822202429488013
957,0.016,1,4,0.8822202429488013
958,0.016,1,4,0.8822202429488013
959,0.016,1,4,0.8822202429488013
960,0.016,1,4,0.8822202429488013
961,0.016,1,4,0.8822202429488013
962,0.016,1,4,0.8822202429488013
963,0.016,1,4,0.8822202429488013
964,0.016,1,4,0.8822202429488013
965,0.016,1,4,0.8822202429488013
966,0.016,1,4,0.8822202429488013
967,0.016,1,4,0.8822202429488013
968,0.016,1,4,0.8822202429488013
969,0.016,1,4,0.8822202429488013
970,0.016,1,4,0.8822202429488013
971,0.016,1,4,0.8822202429488013
972,0.016,1,4,0.8822202429488013
973,0.016,1,4,0.8822202429488013
974,0.016,1,4,0.8822202429488013
975,0.016,1,4,0.8822202429488013
976,0.016,1,4,0.8822202429488013
977,0.016,1,4,0.8822202429488013
978,0.016,1,4,0.8822202429488013
979,0.016,1,4,0.8822202429488013
980,0.016,1,4,0.8822202429488013
981,0.016,1,4,0.8822202429488013
982,0.016,1,4,0.8822202429488013
983,0.016,1,4,0.8822202429488013
